﻿<parameters>
  <parameter name="IIS Web Application Name" defaultValue="Default Web Site/TestSystem" tags="IisApp">
    <parameterEntry kind="ProviderPath" scope="IisApp" match="^D:\\Internet\\obj\\Debug\\Package\\PackageTmp$" />
    <parameterEntry kind="ProviderPath" scope="setAcl" match="^D:\\Internet\\obj\\Debug\\Package\\PackageTmp$" />
  </parameter>
  <parameter name="ApplicationServices-Web.config Connection String" description="ApplicationServices Строка подключения в web.config, используемая приложением для доступа к базе данных." defaultValue="data source=.\SQLEXPRESS;Integrated Security=SSPI;AttachDBFilename=|DataDirectory|aspnetdb.mdf;User Instance=true" tags="SqlConnectionString">
    <parameterEntry kind="XmlFile" scope="obj\\Debug\\Package\\PackageTmp\\Web\.config$" match="/configuration/connectionStrings/add[@name='ApplicationServices']/@connectionString" />
  </parameter>
  <parameter name="TestEntities1-Web.config Connection String" description="TestEntities1 Строка подключения в web.config, используемая приложением для доступа к базе данных." defaultValue="data source=.\SQLEXPRESS;Integrated Security=SSPI;AttachDBFilename=|DataDirectory|aspnetdb.mdf;User Instance=true" tags="SqlConnectionString">
    <parameterEntry kind="XmlFile" scope="obj\\Debug\\Package\\PackageTmp\\Web\.config$" match="/configuration/connectionStrings/add[@name='TestEntities1']/@connectionString" />
  </parameter>
  <parameter name="TestEntities-Web.config Connection String" description="TestEntities Строка подключения в web.config, используемая приложением для доступа к базе данных." defaultValue="metadata=res://*/Models.TestsModel.csdl|res://*/Models.TestsModel.ssdl|res://*/Models.TestsModel.msl;provider=System.Data.SqlClient;provider connection string=&quot;Data Source=.\SQLEXPRESS;AttachDbFilename=|DataDirectory|\aspnetdb.mdf;Integrated Security=True;User Instance=True;MultipleActiveResultSets=True&quot;" tags="SqlConnectionString">
    <parameterEntry kind="XmlFile" scope="obj\\Debug\\Package\\PackageTmp\\Web\.config$" match="/configuration/connectionStrings/add[@name='TestEntities']/@connectionString" />
  </parameter>
</parameters>